int_id,id,name,name_local,short_name_en_us,short_name_local,company_currency,company_country,notes,handler_company_id,is_drs_company,is_supplier,allow_locale,street,phone,official_registration_number,bank_name,bank_branch_name,bank_account_code,bank_account_name
7,K408,OL,OL,OL,OL,TWD,TW, ,2,False,True, , , , , , , , 
8,K448,JL,JL,JL,JL,TWD,TW, ,2,False,True, , , , , , , , 
14,K490,"SeeHot ElectronicsCo., Ltd.",嘻哈部落科技股份有限公司,SeeHot,嘻哈,TWD,TW,,2,False,True, ,104台北市中山區松江路289號4樓之6,02-25030687*62,27670312,第一銀行,景美分行,10610009359,嘻哈部落科技股份有限公司
20,K495,"Taiwan Green Creation co., Ltd.",綠色創意有限公司,Taiwan Green,綠色創意,TWD,TW,,2,False,True, ,嘉義市大富三街98號,05-2359804,25032958,永豐銀行,嘉義分行,1600100008325,綠色創意有限公司
25,K501,Shenfong.com,陞豐通訊有限公司,Shenfong,陞豐通訊,TWD,TW,,2,False,True, ,105台北市松山區八德路二段383號3F-1,02-27764081,24937372,玉山銀行,木柵分行, 0691-440-006189,陞豐通訊有限公司
26,K502,Peng-Yun Technology Inc,朋運科技股份有限公司,Peng-Yun,朋運科技,TWD,TW,,2,False,True, ,116-97 台北市文山區興隆路3段207巷4號3樓,02-82301393,80520192,第一銀行,延吉分行,152-10-156509, 朋運科技股份有限公司
22,K496,"LINQUAN TECHNOLOGY CO., LTD",霖泉科技有限公司,LINQUAN,霖泉科技,TWD,TW,,2,False,True, ,11449台北市內湖區港華街66號,02-27992691,53687465,中國信託商業銀行,瑞光分行,716540191747,霖泉科技有限公司
23,K499,Yantouch Corp.,陽泰電子股份有限公司,Yantouch,陽泰電子,TWD,TW,,2,False,True, ,30078新竹市科學園區新安路5號4樓之一  303室,03-563-5366,28933334,永豐銀行,新竹分行,018-001-00031529,陽泰電子股份有限公司
34,K509,"HONO GOLF Enterprise Co., Ltd.",永嬖企業股份有限公司,HONO,永嬖,TWD,TW,123,2,False,True, ,745台南市安定區中沙里沙崙42號,06-5935-383,73709585,台灣中小企銀,開元,691-12-159088,永嬖企業股份有限公司
28,K505,New home business club,新故鄉企業會社,New home,新故鄉,TWD,TW, ,2,False,True, , , , , , , , 
24,K500,"GOODTEC TECHNOLOGY CO.,LTD.",酷格科技股份有限公司,GOODTEC,酷格科技,TWD,TW,,2,False,True, ,新北市241三重區中興北街177號7樓,02-29998350EX11,27482091,彰化銀行,雙和分行,5678-01-00584000,酷格科技股份有限公司
27,K503,"LIDA Rubber Factory Co., Ltd.",立大橡膠廠股份有限公司,LIDA Rubber,立大橡膠,TWD,TW,,2,False,True, ,71064台南市永康區永大路一段132號,(06)271-0668,96986218,第一銀行,大灣分行,62610173023,立大橡膠廠股份有限公司
10,K151,"Hsumao Industrial Co., Ltd.",加貿工業股份有限公司,Hsumao,加貿,TWD,TW,"Irene Kao 高純純
加貿工業股份有限公司 / 電話: 04-25609856 #203 / 傳真: 04-25609875 / 地址: 42864 台中市大雅區仁和路195號
信箱: irene@homepluz.com 網站: www.homepluz.com",2,False,True, ,42864 台中市大雅區仁和路195號,04-25609856,22971599,兆豐國際商業銀行,豐原分行,3509062928,加貿工業股份有限公司
35,K511,i-image Ltd.,依美琦有限公司,i-image,依美琦,TWD,TW,,2,False,True, ,71084台南市永康區中華一路136號,06-3139600,54560107,中國信託,永康分行,358533263901,廖俊雄
36,K512,"CeoMate Technology Co.,Ltd",西歐科技有限公司,Ceomate,西歐科技,TWD,TW,,2,False,True, ,247新北市蘆洲區重陽街99號3樓 ,02-8281-3303,28522819,台灣企銀,北三重分行,15212135922,西歐科技有限公司
30,K416,"E-innotech co.,LTD",群茂電子有限公司,E-innotech,群茂電子,TWD,TW,,2,False,True, ,235新北市中和區中山路二段419號11樓,02-2226-8661,28649289,華南銀行,積穗分行,180-16-0147299,群茂電子有限公司
9,K486,Hanchor,汗可股份有限公司,Hanchor,汗可,TWD,TW,808 玉山商業銀行  帳號 0000749940010109,2,False,True, ,新北市三重區光復路一段83巷7號5樓,(02)8511-2012,53567594,富邦銀行,敦和分行,742120001104,汗可股份有限公司 
12,K489,Compass Systems Corp.,鴻方科技股份有限公司,Compass,鴻方科技,TWD,TW,,2,False,True, ,11562 台北市南港區忠孝東路五段815號5樓之2,02-2785-7299,80508520,兆豐國際商業銀行,內湖科學園區分行,237-09-03528-8,鴻方科技股份有限公司
182,K616,"E-TEN Information Systems Co., Ltd",倚天資訊股份有限公司,E-TEN Information,倚天資訊,TWD,TW,,2,False,True, ,114台北市內湖區瑞光路68號6樓,277210000,22089345,兆豐國際商業銀行,東內湖分行,06709009655,倚天資訊股份有限公司
15,K491,"Alfheim Technology Co., Ltd.",愛樂飛休閒科技有限公司,Alfheim,愛樂飛,TWD,TW,"劉大民
執行長
frank.liu@alfheimtec.com
Tel:02-29324583
Mobile: 0919927778",2,False,True, ,116台北市文山區仙岩路16巷72弄2號1樓,02-29324583,24783812,中國信託銀行,文山分行,300540107367,愛樂飛休閒科技有限公司
37,K513,"LEAP sportswear international CO., LTD.",秝亞國際有限公司,Leap,秝亞國際,TWD,TW,"魏宏榮 Paul
paulwei681222@gmail.com
0934480492
02-27155757",2,False,True, ,105台北市松山區光復北路230巷19號9樓,02-27155757,42613419,台北富邦銀行,大安分行,370102150319,秝亞國際有限公司
31,K507,GIXIA Group Co.,奇想創造事業股份有限公司,GIXIA,奇想創造,TWD,TW,Kelly Cheng 鄭 凱云  | 品牌行銷副理 Assistant Marketing Manager | T+886.3.667.3880 #206,2,False,True, ,3027 新竹縣竹北市嘉豐六路一段2號,03-6673880,53163896,中國信託,新竹分行,299541036108,奇想創造事業股份有限公司
39,K516,"YongHan K-plus International Co.,Ltd.",詠涵國際有限公司,YongHan,詠涵國際,TWD,TW,,2,False,True, ,24701新北市蘆洲區中正路172號/ 國立空中大學-育成中心(5037-1室),02-8281-2275 ,54730588,合作金庫銀行,南三重分行,5322717583146,詠涵國際有限公司
40,K517,Taiwan Magic Amah household Co.LTD,台灣妙管家股份有限公司,Magic Amah,妙管家,TWD,TW,,2,False,True, ,新北市221汐止區南興路46-1號,(02)2643-7711,23912009,合作金庫銀行,大安分行,760717324557,台灣妙管家股份有限公司
58,K527,"YU CHENG CO.,LTD",元承有限公司,YU CHENG,元承,TWD,TW,"謝子晴Phoebe Hsieh
033411158/0918481898",2,False,True, ,33046桃園市桃園區中埔二街八號,03-3411158,80505925,兆豐國際商業銀行,桃園分行,1409021401,元承有限公司
107,K576,JE bio,捷醫國際生物科技,JE,捷醫,TWD,TW,,2,False,True, ,臺北市內湖區瑞光路358巷38弄36號2樓之3 , (02)2657-9232,54139277,中國信託,營業部,901540408025,捷醫國際生物科技有限公司
57,K524,Ufro Inc.,優富樂有限公司,Ufro,優富樂,TWD,TW,"傅紀虹
行銷暨業務協理
kate.fu@ufro.com
02-2753-1277 / 
0905-786-872",2,False,True, ,台北市信義區基隆路一段178號6樓,02-2753-1277,54648005,國泰世華銀行,東門分行,032-03-500603-5,優富樂有限公司
45,K514,Zektor Power Tech Co. LTD.,澤橋動能科技股份有限公司,Zektor,澤橋動能,TWD,TW,,2,False,True, ,"台中市西屯區文心路三段173-2號, 407",04-23151808 ,24434809,LAND BANK OF TAIWAN,CHUNG KANG BRANCH,94001019362,"ZEKTOR POWER TECH. CO., LTD."
50,K515,United Fiber Optic Communication Inc.,聯合光纖通信股份有限公司,United Fiber Optic Communication,聯合光纖,TWD,TW,"酷比令股份有限公司：10442台北市長安東路一段18號9樓907室（歐佼齡收）

全名：許庭瑜　Farry Hsu
職位：Marketing & PR Manager
電話：02-2571-5808

全名：林家瑩/ Michael Lin
職稱：主任
電子信箱：cylin@ufoc.com.tw (michaellin@ufoc.com.tw)
電話：02-8227-3890 #6003""
手機：0984-400-400

全名：歐佼齡　Phoebe
職稱：物流專員／認證
電子信箱：phoebe@qblinks.com
電話：886-2-25715808

全名：江佩玹
職稱：財務管理師
電子信箱：phchiang@ufoc.com.tw
電話：03-5779211 #325
",2,False,True, ,23552 新北市中和區中正路700號13F-1,02-8227-3890,21223267,兆豐國際商業銀行,竹科新安分行,2001002254,聯合光纖通信股份有限公司
47,K522,"WANG SHINE INDUSTRIAL CO., LTD.",旺鑫工業股份有限公司,WANG SHINE,旺鑫工業,TWD,TW,,2,False,True, ,439 台中市大安區中庄里中山南路567號,04-26713908,23175924,台灣銀行,大甲分行,72001077078,旺鑫工業股份有限公司
18,K493,[terminated] mininch Inc.,[terminated] 築物設計股份有限公司,[terminated] Mininch,[terminated] 築物設計,TWD,TW,,2,False,True, ,106 台北市大安區忠孝東路四段235號10樓,02-27956575,24567737,國泰世華商業銀行,忠孝分行,011-03-501116-3,築物設計股份有限公司
38,K506,"Sun Mount Tech Co.,Ltd.",晟盟科技股份有限公司,Sun Mount,晟盟科技,TWD,TW,"張泰祥 2543-2255#10 erik@txgsocks.com
陳思樺 2543-2255#16 mandy@txgsocks.com",2,False,True, ,104 台北市中山區南京東路2段28號2F,2543-2255#16,53107537,國泰世華,東湖,119035004278,晟盟科技股份有限公司
59,K528,"CHYAU KE CO., LTD",僑柯有限公司,CHYAU KE,僑柯,TWD,TW,,2,False,True, ,台中市霧峰區中正路120-8號,04-23300496,86268391,彰化銀行,霧峰分行,58520100121300,僑柯有限公司
41,K518,"Heng Yuan Sheng International Co., Ltd.",恆源生國際有限公司,Heng Yuan Sheng,恆源生,TWD,TW,卜玉芬 行銷經理 (Jessica) heng.yuan.sheng@gmail.com 0939-262-199,2,False,True, ,708台南市安平區光州五街84號,0939-262-199,53563767,永豐銀行,敦北分行,002-018-0000540-9,恆源生國際有限公司
60,K529,Siigma Corporation,西格碼電子商務股份有限公司,Siigma,西格碼,TWD,TW,新電話 (02) 2356-0068 ,2,False,True, ,231新北市新店區北新路1段10號3樓之1,(02)2912-8898,42708533,玉山銀行,北新分行,901940017209,西格碼電子商務股份有限公司
49,K523,Intrique Inc.,巨幃股份有限公司,Intrique,巨幃,TWD,TW,"呂佳蒨 Bonnie Lu
資深業務及行銷經理∣ 巨幃股份有限公司 WalcoDesign - Intrique Inc.
T:+886-2-8696-1582  F:+886-2-8696-1581
M: +886-926576068",2,False,True, ,221 新北市汐止區新台五路一段92號C棟20F,(02) 86961582,53746653,中國信託,營業部,4955540488373,巨幃股份有限公司
43,K519,GOLD DEER DRESS INS. IND.CO.LTD,金鹿服裝工業股份有限公司,GOLD DEER DRESS,金鹿服裝,TWD,TW,"聯絡人:
陳姵璇(MOMO) 電子信箱:design01@golddeer.com.tw / peihsuanchen329@gmail.com 電話分機:02-28132885#213
吳菀芸 分機 #350

(For Logistics) 需寄塑膠袋警告標語貼紙，供應商無外箱，貨到善恩使用善恩的外箱，可酌收費用。",2,False,True, ,台北市士林區11175社中街384巷2弄1號,02-28132885,31213289,永豐銀行,社子分行,135-001-0029301-5,金鹿服裝工業股份有限公司
46,K521,CHIEN YO CO.,澄佑有限公司,CHIEN YO,澄佑,TWD,TW,"聯絡人: 黃裕庭
Email: hyt.sypf@gmail.com
手機: 0928652781
04-7716958",2,False,True, ,彰化縣鹿港鎮溝墘里溝墘巷266弄58號一樓 ,04-7716958,54814658,彰化銀行,和美分行,60688602191200,澄佑有限公司
42,K510,Sound Land Corp.,科音國際股份有限公司,Sound Land,科音,TWD,TW,"聯絡人全名：蔡欣燕
電子信箱：sandy@roland.com.tw
電話分機：03-3961958#118 (若不通找 #105)",2,False,True, ,33383桃園市龜山區科技一路32號,03-3961958#118,04750638,彰化銀行,松山分行,5192 01 064686 20,樂蘭股份有限公司
51,K525,ACER E-ENABLING SERVICE BUSINESS INC,宏碁資訊服務股份有限公司,ACER E-ENABLING,宏碁資訊,TWD,TW,,2,False,True, ,"臺北市大安區 , 信義路4段6號10樓 , Taiwan",2696-1234#3551,53739409,台北富邦,安和分行,715-120018360,宏碁資訊服務股份有限公司
104,K573,"I.E. Turbo Enterprise Co., Ltd.",定緯企業股份有限公司,I.E. Turbo,定緯企業,TWD,TW,"主要聯繫窗口為Jill 簡瑞瑩小姐。公司分機117
妤璟106",2,False,True, ,242新北市新莊區中正路649-3號7F,02-2907-1933,22800548,永豐銀行,西盛分行,143-001-0018689-7,定緯企業股份有限公司
44,K520,TUNAI Creative Inc.,圖怡創意股份有限公司,TUNAI,圖怡創意,TWD,TW,"irene@tunai-creative.com
(03) 6688-858

Sharon手機：0937536855
Judy手機 : 0916617913",2,False,True, ,10648台北市大安區和平東路一段266號3樓,02-5599-6128#168,24534639,第一銀行,民生分行,145-10-062013,圖怡創意股份有限公司
52,K526,ACER E-ENABLING SERVICE BUSINESS INC,宏碁資訊服務股份有限公司,ACER E-ENABLING,宏碁資訊,TWD,TW,,2,False,True, ,"臺北市大安區 , 信義路4段6號10樓 , Taiwan",2696-1234#3551,53739409,台北富邦,安和分行,715-120018360,宏碁資訊服務股份有限公司
148,K612,Pan Asian Plastics Corporation Subsidiary of Shinkong Synthetic Fibers Corp.,泛亞聚酯工業股份有限公司,3Dspidermaker,泛亞聚酯,TWD,TW,平常公司在324桃園市平鎮區延平路三段223號,2,False,True, ,臺北市中山區南京東路2段123號8樓,03-4932131#1272,12288529,台新銀行,建北分行,320000016800,泛亞聚酯工業股份有限公司
62,K531,"E-sense Technology Co., Ltd.",逸盛科技股份有限公司,E-sense,逸盛,TWD,TW,"Anna Wu
E-SENSE Technology Co., Ltd.
8F., No. 10, Lane 366, Sec. 2, Zhongshan Rd.,
Zhonghe Dist., New Taipei City 235, Taiwan
Tel:  +886-2-22448868 ext.57  Fax: +886-2-22448813
anna_wu@e-sense.com.tw  http://www.e-sensetech.com/
skype: anna_wu1978  WeChat: anna_wu1978
QQ: 2516523506",2,False,True, ,新北市235中和區中山路二段366巷10號8樓,02-22448868,89783272,合作金庫銀行,中和分行,620717076867,逸盛科技股份有限公司
64,K534,Nahann Co.,吶喊文創股份有限公司,Nahann,吶喊文創,TWD,TW,"陳建誠 (Charlie) 執行長 nahann.cc@gmail.com  035730801, 0955942016;
沈慧珠 總務會計 wowcompany2@gmail.com 035730801",2,False,True, ,300新竹市光復路二段101號清大育成中心北校區204B,035730801,53292126,台灣企銀,竹北分行,32112209289,吶喊文創股份有限公司
63,K532,"Acqua Gems International Co, Ltd.",水上璣國際有限公司,Acqua Gems,水上璣,TWD,TW,張光玉/國外業務/cindy.chang@acquagems.com/27563737-303,2,False,True, ,11063 台北市松隆路102號4樓之1,02-2766-3737,53534671,第一銀行 ,光復分行,153-10-053899,水上璣國際有限公司
80,K549,WEEVIEW INC. (SAOMA),愛拍光電有限公司,Weeview,愛拍光電,TWD,TW,,2,False,True, ,23511新北市中和區建八路2號6樓之2,0975-181996; 02-55922005 #6009,66906765,台北富邦銀行,汐止分行,728120003953,愛拍光電有限公司
70,K539,"TITAN SPORT TECH CO., LTD",太肯運動科技股份有限公司,TITAN SPORT,太肯運動,TWD,TW,,2,False,True, ,台中市西區英才路499號6樓,04-23051618,24257260,台北富邦銀行,北台中分行,722102010111,太肯運動科技股份有限公司
66,K536,"YIHO GARMENT CO.,Ltd",怡和服裝開發有限公司,YIHO,怡和服裝,TWD,TW,"洪正隆
service@iinpress.com.tw
0933807023",2,False,True, ,台北市萬華區西園路一段240號4F,0933807023,86697111,台灣企銀,萬華,6012240323,怡和服裝開發有限公司
100,K569,TEOS INTERNATIONAL CORPORATION,堤歐楒股份有限公司,TEOS,堤歐楒,TWD,TW,,2,False,True, ,彰化縣彰化市西勢里辭修路312號1樓,04-761-3826 ,42575554,兆豐國際商業銀行,南彰化分行,220-09-12237-3,堤歐楒股份有限公司
121,K591,WELSHENG CORPORATION,威亘企業有限公司,WELSHENG,威亘,TWD,TW,,2,False,True, ,台北市忠孝東路四段295號9樓,02-2772-3568,30869837,彰化銀行,忠孝東路分行,5203-03-10766-6-00,威亘企業有限公司
72,K541,"Know-How International Co., Ltd.",龍浩國際有限公司,Know-How,龍浩國際,TWD,TW,,2,False,True, ,333 桃園市龜山區民生北路一段38之1號3樓,03-3467220,80118327,玉山商業銀行,桃園分行,185440020366,龍浩國際有限公司
79,K548,Beseye Cloud Security Co.,雲守護安控股份有限公司,Beseye,雲守護,TWD,TW,,2,False,True, ,台北市中山區林森北路554號8樓,02-25983771 #132 (Olya),54325265,國泰世華,中山分行,013-0420-042035007223, 雲守護安控股份有限公司 
16,K492,Serafim Technologies Inc.,碩擎科技股份有限公司,Serafim,碩擎,TWD,TW,"Yoga
Serafim Technologies Inc.
6F., No.6, Aly. 9, Ln. 45, Baoxing Rd., 
Xindian Dist., New Taipei City 231, Taiwan (R.O.C.)
TEL: 886-2-8914-6680 ext.807
FAX: 886-2-8914-6027
www.serafim-tech.com

陳國仁先生（老闆）#811
Patricia Liu#808（Yoga代理人）",2,False,True, ,23145 新北市新店區寶興路45巷9弄6號6F,886-2-8914-6680,29161243,第一銀行,新店分行,221-10-029562,碩擎科技股份有限公司
74,K543,"CHARMING GREEN BIOTECHNOLOGY CO.,LTD",強隆生技股份有限公司,Charming Green,強隆生技,TWD,TW, ,2,False,True, , , , , , , , 
68,K537,"Edens Garment Co.,Ltd",伊登詩服裝有限公司,Edens Garment,伊登詩服裝,TWD,TW,Peter手機：0933159867 #100,2,False,True, ,新北市中和區中正路700號16樓之5,02-82280798,28535883,第一銀行,連城分行,23610008059,伊登詩服裝有限公司
71,K540,Embrace Audio Lab Inc.,英霸聲學科技股份有限公司,Embrace Audio,英霸聲學,TWD,TW,Brian Liu I Embrace Audio Lab I +886 2 8228 0106 I M:+886 909518186 I  www.xroundaudio.com brian@embracelab.com,2,False,True, ,新北市中和區中正路738號10F-4,0982280106,24734101,中國信託商業銀行,板和簡易型分行,186540083074,英霸聲學科技股份有限公司
69,K538,vivigreen Ltd,大吉朵有限公司,vivigreen,大吉朵,TWD,TW,"總經理：羅晉資
手機：0970177273",2,False,True, ,106 台北市大安區忠孝東路三段136號11樓,0970177273,42628692,台北富邦銀行,社子分行,650120000912,大吉朵有限公司
73,K542,3more Company,三多利國際有限公司,3More,三多利,TWD,TW,因之為SSR溝通問題，三多利公司老總還未指示進行簽約。,2,False,True, ,新北市淡水區中正東路二段69-4號5樓,02-88091833 #33,97318720,第一銀行,淡水分行,21810010527,三多利國際有限公司
75,K544,FLUX Technology Corp.,通量三維股份有限公司,Flux,通量三維,TWD,TW,"樓思瑋、行銷、wei@flux3dp.com、02-26513171

舊：weizhong@flux3dp.com",2,False,True, ,台北市信義區基隆路二段125號10F-2,02-26513171,42642569,中國信託,安和分行,691540080818,通量三維股份有限公司
76,K545,U-GYM Technology Corp.,福芯科技股份有限公司,U-GYM,福芯科技,TWD,TW,"客服信箱為執行長Mark本人處理。
Mark手機0988352000",2,False,True, ,10578台北市松山區延壽街18巷2-1號,02-27476176,24969129,中國信託,富錦分行,134540062665,福芯科技股份有限公司
81,K550,Bonito Deco Inc.,普力達國際有限公司,Bonito,普力達,TWD,TW,"供應商公司名稱（英文）	33759桃園市大園區工一路12號/ 供應商通訊地址（中文）桃園市大園區北港里16鄰工一路12號

新聯絡窗口: Jonathan Lee email : jonathan.lee@bonitodeco.com , 電話: 03-3868256 分機31, ",2,False,True, ,33759桃園市大園區工一路12號,03-386-8256 ext.29,24393238,渣打銀行,大園分行,2253000068439,普尼達國際有限公司
124,K593,"YingSIn Co.,Ltd",盈昕股份有限公司,YingSIn,盈昕,TWD,TW,,2,False,True, ,彰化市彰鹿路168巷105-2號,04-7521489 ,54747188,華南銀行,豐原分行,400-100-500-855,盈昕股份有限公司
77,K546,"PERSIST CO., LTD.",鑫源科技有限公司,Persistudio,鑫源科技,TWD,TW,"鄧博倫 CEO po@persistudio.com 02-27474819，手機0955424465
葉瀚紳 業務經理 nick@persistudio.com  02-27474819 ",2,False,True, ,台北市松山區八德路4段123號5樓之3,02-27474819 ,42634836,台灣銀行,松山分行,64001056663,鑫源科技有限公司
85,K554,"Mal Health Management Co.,Ltd",醫美生健康事業有限公司,Mal Health,醫美生,TWD,TW,"聯絡人:謝國平，另外的聯絡信箱paul.hsieh@cscp.com.tw
03-598-3811",2,False,True, ,臺北市中山區中山北路2段168之3號5樓之3  ,0915391300,24461137,玉山銀行,松江分行,1056-940-002865,醫美生健康事業有限公司
61,K530,"Sun Lumintech Co., Ltd.",朝陽照明科技股份有限公司,Sun Lumintech,朝陽,TWD,TW,"michael.chang@sunlumintech.com
負責人Michael Chang",2,False,True, ,23152新北市新店區新坡一街64-2號2樓,02-8914-5678,29162290,合作金庫銀行,北三峽分行,5300-717-252308,朝陽照明科技股份有限公司
83,K552,Costar Tech Corporation,常喬股份有限公司,Costar Tech,常喬,TWD,TW,,2,False,True, ,新北市中和區中山路2段371號2樓,0930-222997,80203554,第一銀行,松貿分行,16810008786,常喬股份有限公司
84,K553,"Melody house ware int'l co., ltd",普馨貿易有限公司,Melody house,普馨,TWD,TW,,2,False,True, ,"11568, 台北市南港區經貿二路235巷58號3F-2",02-27825898,86726684,第一銀行,永春分行,157-10-008179,普馨貿易有限公司
82,K551,AWC Industries Corp.,萬威企業股份有限公司,AWC,萬威,TWD,TW,"供應商通訊地址（中文）北市南京東路 2段 53號 6樓 6008室	/ 經濟部商工登記地址（中文）台北市大安區 敦化南路 2段5號 2樓 之 2
打手機聯絡",2,False,True, ,台北市南京東路 2段 53號 6樓 6008室,02 2521-1301 ext: 6008,42639683,元大銀行,新店中正分行,21282000025623,萬威企業股份有限公司
78,K547,Startek Engineering Inc.,星友科技股份有限公司,Startek,星友科技,TWD,TW,林芸、市場企劃專員、chelsea@mail.startek-eng.com、(02)25013585 #203 . mobile 0920725992,2,False,True, ,104台北市中山區建國北路一段96號8樓之1,(02)25013585,23545953,華南銀行,竹科分行,302-10-000009-6,星友科技股份有限公司
96,K565,"She Does Cosmetics Co., Ltd.",席德仕國際有限公司,She Does Cosmetics,席德仕,TWD,TW,,2,False,True, ,新北市板橋區民生路2段14號2樓,0958 865 315,27639523,台新銀行,板南分行,20650180000027,席德仕國際有限公司
93,K562,LaiLab Computing Laboratory,萊樂工作室,LaiLab,萊樂,TWD,TW,賴溱君先生/Derek為主要聯絡窗口，物流和會計帳務是他太太，方保智小姐/Peggy負責。,2,False,True, ,台北市114內湖區康寧路三段99巷17弄41號3樓,0935-239696,30180009,台北富邦銀行,東湖分行,686102005316,萊樂工作室方保智
88,K557,Superior Mechanical Solutions Corp.,軒宇貿易有限公司,Superior Mechanical Solutions,軒宇,TWD,TW,,2,False,True, ,台中市南屯區永春東路357號3F-1, 0424738113,24580582,玉山銀行,南屯分行,680940037628,軒宇貿易有限公司
89,K558,Phoenix Recreations Corp.,崇升國際企業有限公司,Phoenix Recreations,崇升,TWD,TW,,2,False,True, ,臺北市大安區復興南路2段65號4樓之5,02-23250919,28348642,凱基商業銀行,中壢分行,012-11-81776-0-6,崇升國際企業有限公司
90,K559,"MINISTRY INTERNATIONAL CO., LTD.",職事國際有限公司,MINISTRY INTERNATIONAL,職事國際,TWD,TW,"條碼貼紙 請寄到以下地址
新北市新莊區化成路540-1號2樓之3
柯智惠
02-2998-3433",2,False,True, ,台北市中山區南京東路1段24號9樓,02-25624571#25,89294979,上海商業儲蓄銀行,中山分行,23102001012829,職事國際有限公司
92,K561,EQL Technology Inc.,宜優科技股份有限公司,EQL,宜優科技,TWD,TW,"Zach Tu
zach@eqltech.com
宜優科技 EQL Technology Inc. 
T: +886-2-2371-3837 | FAX: +886-3-327-0825
M: +886-935-663-242
www.eqltech.com

林子文、資深業務經理、zoe@eqltech.com、0923-144-959
03-327-2345#14251

Casey
#12918

Zach
#15598
0935-663-242",2,False,True, ,桃園市龜山區文化二路211號,886-2-2371-3837,42861249,華南銀行,士林分行,123-10-008829-0,宜優科技股份有限公司
86,K555,"HAPPY ISLAND TECH CO., LTD",快樂島股份有限公司,HAPPY ISLAND TECH,快樂島,TWD,TW,"""郭淑儀/營運經理/
Maggie@happyisland.com.tw 
02-25671018#51
0955-450396
湘瑜/ hsiangyu@happyisland.com.tw/ 02-25671018#22""",2,False,True, ,104台北市中山區吉林路150號8樓,02-25671018 #51,53743163,玉山銀行,大安分行,808-0967-940-005293,快樂島股份有限公司
91,K560,NakNak,那個空間有限公司,Nak,那個空間,TWD,TW,,2,False,True, ,台北市士林區德行西路40號, 02-28312849,54226455,玉山銀行,太平分行,1355-940-003781,那個空間有限公司
87,K556,"Midas Touch, Inc.",創異力整合行銷有限公司,Midas Touch,創異力,TWD,TW,"""liwen.lin@midastouchinc.com
02-89530862
0975-209894""",2,False,True, ,22063新北市板橋區中山路一段一號17F-16,02-2966-5592,52906569,玉山銀行,忠孝分行,808-875940120436,創異力整合行銷有限公司
94,K563,KUANG PU CREATIVE GROUP PTE LTD,光璞創意文化企業有限公司,KUANG PU,光璞創意,TWD,TW,,2,False,True, ,台北市士林區忠誠路二段26號1F,07010003713,52566288,國泰世華銀行,忠誠分行,211035002775,光璞創意文化企業有限公司
98,K566,Air Mentor Intelligence Corp.,欣擎科技股份有限公司,Air Mentor,欣擎科技,TWD,TW,主要聯繫窗口為吳明哲先生(Tetsu)，預計2018年2月要去西班牙參展，希望屆時產品能在美國和歐洲(英國和西班牙)上架。,2,False,True, , 22175新北市汐止區新台五路一段99號24F-5,02-26971580,52502519,合作金庫銀行,南汐止分行,5388-717-318966,欣擎科技股份有限公司
95,K564,Nam Sing Biotechnology Crop.,南星生技股份有限公司,Nam Sing,南星生技,TWD,TW,Allen Lin 手機: 0960771168,2,False,True, ,台北市信義區信義路五段五號5F 5A-15,02-27292339,28831532,國泰世華銀行,世貿分行,06 50 3500 1918,南星生技股份有限公司
99,K568,Balloon Express,歡樂快遞活動顧問社,Balloon,歡樂快遞,TWD,TW,,2,False,True, ,新竹縣竹北市嘉豐11路二段18號,03-6581379,73839399,合作金庫,新竹科學園區分行,5643717202038,歡樂快遞活動顧問社
111,K580,Moai Electronics Inc.,奇岩電子股份有限公司,Moai Electronics,奇岩電子,TWD,TW,,2,False,True, ,新北市土城區中央路四段51號3樓之9,02-2267-7888  # 1609,80452223,永豐銀行,新竹分行,1800100019356,奇岩電子股份有限公司
117,K587,"Vencer Co, Ltd",晶綸股份有限公司,Vencer,晶綸,TWD,TW,客服、行銷主要窗口,2,False,True, ,22101新北市汐止區新台五路一段79號14樓之12,(02)2698-3608#310,28564768,上海商業儲蓄銀行,汐止分行,011-45-10200-0016727,晶綸股份有限公司
108,K577,"Alpith Co.,Ltd",和芯股份有限公司,Alpith,和芯,TWD,TW,"主要聯絡窗口是Wendy Li
Canon是Wendy同事
Stanley是Wendy主管（Marketing & Strategy Dept. Manage），手機0920-694-561",2,False,True, ,23585新北市中和區建一路139號2樓,02-2228-1898 (無分機),24335569,合作金庫銀行,北中和分行,3546717002567,和芯股份有限公司
106,K575,Jiin Ming Industry Co. Ltd.,錦明實業股份有限公司,Jiin Ming,錦明,TWD,TW,,2,False,True, ,桃園市蘆竹區南崁里17鄰經國路890號8樓,03-357-3689,22490277,臺灣銀行,建國分行,172001030578,錦明實業股份有限公司
102,K571,"Tsz Ji Tsuei INTERNATIONAL CO., LTD",瓷肌萃國際有限公司,Tsz Ji Tsuei,瓷肌萃,TWD,TW,Vincent Lin 手機: 0987-871-333,2,False,True, ,台北市信義區信義路5段5號5樓5A-27,02-27222782,24928373,台北富邦銀行,敦和分行,570102117400,瓷肌萃國際有限公司
103,K572,"BESOVIDA CO., LTD",芝欣有限公司,BESOVIDA,芝欣,TWD,TW,,2,False,True, ,台南市永康區永大路一段131號,06-2054938,54084364,第一銀行,大灣分行,62610195124,芝欣有限公司
112,K581,"Aiecos Co., Inc.",品禾國際,Aiecos,品禾,TWD,TW,,2,False,True, ,新竹市東大路一段52巷16弄6號,03-5621529,54548982,台新銀行,竹科分行,20520100006309,品禾國際有限公司
114,K583,"SHIUAN LONG ENTERPRISES CO., LTD",軒龍實業股份有限公司,SHIUAN LONG,軒龍,TWD,TW,,2,False,True, ,彰化縣田中鎮斗中路一段320巷76號,04-8742150 ,60200050,台中銀行,田中分行,66221024746,軒龍實業股份有限公司
119,K588,"Alwaystick Co.,Ltd.",頂鴻國際有限公司,Alwayst,頂鴻國際,TWD,TW,藍先生 手機: 0912197258,2,False,True, ,台北市中山區復興北路290號12樓,02-25179937,42836495,兆豐國際商業銀行,南台北分行,3009021885,頂鴻國際有限公司
110,K579,TRAX Tools,磐峰實業有限公司,TRAX,磐峰,TWD,TW,"供應商會使用 以下帳號匯款給我們
0012 台北富邦商業銀行
0000704210008931",2,False,True, ,台北市羅斯福路三段210巷2號3樓,0952747117,30958578,聯邦銀行,公舘分行,024 10 0006050,磐峰實業有限公司
123,K592,FastWhite Corp.,菲斯華國際企業有限公司,FastWhite,菲斯華,TWD,TW,,2,False,True, ,台北市大安區復興南路二段65號四樓之五,02-23250919#8002,52445617,玉山銀行,大安分行,0967-940-011613,菲斯華國際企業有限公司
113,K582,"C & M AUDIO CO.,LTD",悅聲志業股份有限公司,C & M AUDIO,悅聲志業,TWD,TW,,2,False,True, ,臺北市大安區信義路2段86巷12號1樓,02-2397-9377,53760893,台北富邦銀行,長安東路分行,203102690069,悅聲志業股份有限公司
97,K567,CHIAN YIH OPTOTECH CO. LTD,誠益光電科技股份有限公司,CHIAN YIH,誠益光電,TWD,TW,方建仁 Andrew 總經理特別助理是主要聯絡窗口，鄧嘉文 John是CEO。產品官網、品牌名稱和包裝設計正在加緊趕工。,2,False,True, ,35145苗栗縣竹南鎮獅山70之20號,04-23590111#132,55929994,兆豐國際商業銀行,南台中分行,4409081158,誠益光電科技股份有限公司
101,K570,Cansonic Inc.,雄鉅實業有限公司,Cansonic,雄鉅實業,TWD,TW,"Gordon 李昀翰先生為主要聯繫窗口。
手機0939927378",2,False,True, ,新北市永和區得和路359號10樓,02-29290321 #20,97261873,兆豐國際商業銀行,雙和分行,238-09-03978-8,雄鉅實業有限公司
109,K578,"DIMTON CO., LTD.",鼎騰科技股份有限公司,DIMTON,鼎騰,TWD,TW,"柯宇珊、行政專員、star.ko@dimton.com、02-8993-8099#223
陳彥蓉、英文翻譯、vanessa.chen@dimton.com",2,False,True, ,24252新北市新莊區幸福東路137號1樓　,02-89938099,27721430,玉山銀行,中和分行,0439-440-020036,鼎騰科技股份有限公司
115,K585,"Chiao Fu Enterprise co., LTD",喬福泡綿股份公司,Chiao Fu,喬福,TWD,TW,,2,False,True, ,台中市南屯區工業區26路1號,04-23596666#983,52408970,合作金庫,台中分行,220717252098,喬福泡綿股份有限公司
118,K584,YinZun,銀圳花草皂坊,YinZun,銀圳,TWD,TW,,2,False,True, ,雲林縣虎尾鎮惠來里惠來路73-6號,0988-152371,47391372,元大銀行,元大虎尾分行,20312000038582,銀圳花草皂坊
65,K535,"E-LEAD ELECTRONIC CO.,LTD",怡利電子工業股份有限公司,E-LEAD,怡利電子,TWD,TW,"新連絡人
廖柏同#2603",2,False,True, ,50971彰化縣伸港鄉工東一路37號,04-797-7277#2603,59334664,華南銀行,彰化分行,520100097666,怡利電子工業股份有限公司
120,K590,"IVY MAISON INT L CORP., LTD.",艾葳國際美麗股份有限公司,IVY MAISON,艾葳國際,TWD,TW,,2,False,True, ,新北市新店區中正路560巷1號1樓,02-8219-3692,28462832,玉山銀行,新店分行,0554-940-001096,艾葳國際美麗股份有限公司
19,K494,"TW-NEED CO.,LTD.",台灣尼德有限公司,NEED,台灣尼德,TWD,TW,,2,False,True, ,241-57新北市三重區中正北路317巷32號3樓,02-55769168,54011742,華南商業銀行,五股分行,176-10-002902-7,台灣尼德有限公司
116,K586,"iDisplay Technology CO., LTD",創元科技股份有限公司,iDisplay,創元科技,TWD,TW,客服、行銷主要窗口,2,False,True, ,23145新北市新店區寶橋路235巷6弄2號7樓,02-29104848 #202,16699734,合作金庫銀行,寶橋分行,006-5355-717-718292,創元科技股份有限公司
126,K595,"YIDU GROUP CO.,LTD",欣都有限公司,YIDU,欣都,TWD,TW,蔡先生 手機: 0988687104,2,False,True, ,新北市汐止區康寧街169巷25號2樓之2 ,02-26958287,27434578,華南商業銀行,東湖分行,134100018501,欣都有限公司
140,K609,Ligen Technical Corporation,利元科技有限公司,ligen,利元,TWD,TW,"主要窗口 Diana Lin: ec@ligentechnical.com 電話: 07-3722120#32
信件也同時CC 副總: billwei@ligentechnical.com",2,False,True, ,814高雄市仁武區澄觀路355號,07-3722120,80673311,台灣中小企業銀行,高雄分行,85012080668,利元科技有限公司
105,K574,Innomiles International,英邁國際有限公司,Innomiles,英邁國際,TWD,TW,"Monica是聯繫窗口和行銷業務負責人（0978165125），Jesse是CEO。出貨由Candice負責liu@innomiles.com
",2,False,True, ,臺北市大安區復興南路1段137號4樓之3 ,02-8773-6136,42839465,玉山銀行,三峽分行,1045940027894,英邁國際有限公司
122,K589,"Mikobeaute International Co., Ltd.",霈方國際股份有限公司,Mikobeaute,霈方國際,TWD,TW,"沈國暉 協理，02－27755566＃2847
產品: 譚小姐 Rebecca Tan: 02-2775-5566#1816",2,False,True, ,台北市大安區忠孝東路4段310號6樓,02-27755566,80281973,台灣企銀,忠孝分行,10012058085,霈方國際股份有限公司
125,K594,"FLYING DRAGONS CO., LTD.",昇龍貿易發展股份有限公司,FLYING DRAGONS,昇龍,TWD,TW,,2,False,True, ,台北市新生南路一段97巷19號1樓,02-27731560,18754640,華南銀行,新生分行,113-10-013021-0,昇龍貿易發展股份有限公司
136,K605,APERA INC.,順利達科技有限公司,APERA,順利達,TWD,TW,Lana（拉娜）手機：0933269453,2,False,True, ,新北市林口區公園路176號7樓,02-2600-3084,66521494,永豐銀行,林口忠孝分行,173-018-0005274-7,順利達科技有限公司
135,K604,"DEMOSKIT ENTERPRISE CO., LTD.",東居實業有限公司,DEMOSKIT,東居,TWD,TW,Thomas 手機: 0921-082-759,2,False,True, ,新北市三重區電信街104號,0229729229,25085363,彰化銀行,南三重分行,56300100799300,東居實業有限公司
138,K607,EHOMA INDUSTRIAL CORPORATION,君宇企業股份有限公司,EHOMA,君宇企業,TWD,TW,,2,False,True, ,台中市大里區國中二路17號,04-24065031#102,97583826,華南商業銀行,南台中分行,422-10-0050854,君宇企業股份有限公司
133,K602,"Koko International Co., LTD",倖光國際有限公司,koko,倖光,TWD,TW,,2,False,True, ,彰化縣花壇鄉文德村溪南街216號1樓,04-7867657,45125342,玉山銀行,彰化分行,0336-940-030272,倖光國際有限公司
139,K608,DFbags,易蓁興業有限公司,DF,易蓁興業,TWD,TW,莊小姐: 02-2559-0062,2,False,True, ,臺北市士林區延平北路5段285巷75號1樓,02-25527522 ,42657865,台北富邦銀行,社子分行,650120007089,易蓁興業有限公司
134,K603,amc herbaceous,中南商行,amc herbaceous,中南商行,TWD,TW,,2,False,True, ,台北市南港區研究院路2段182巷74號1樓,0953-060013,42288568,上海商業銀行,南港分行,62102000011488,中南商行 潘豊奇
132,K601,"Omni Potens Spiritual Consultant Co., Ltd",萬世紀身心靈顧問有限公司,Omni Potens Spiritual,萬世紀,TWD,TW,,2,False,True, ,臺北市中正區博愛路25號8樓之13,02-23618861,89468632,永豐銀行,城中分行,12600100383811,萬世紀身心靈顧問有限公司
128,K597,"DAO OF HAIR ENTERPRISE CO.LTD.,",髮之道實業有限公司,DAO OF HAIR,髮之道,TWD,TW,,2,False,True, ,臺中市北屯區同榮里豐樂三街115號1樓,04-24214172,60232638,合作金庫,松竹分行,1760717209611,髮之道實業有限公司
147,K611,"HappinessKey Co.,Ltd",幸福鍵有限公司,Wingbra,幸福鍵,TWD,TW,"Alicia Lee: 0918-356-735
條碼貼紙收件地址: 台北市辛亥路一段43巷2號1樓
收件人: 李又薰 ",2,False,True, ,台北市大安區羅斯福路3段269巷72號,02-2362-0885,53757068,中國信託銀行,景美分行,1205-4001-2425,幸福鍵有限公司
149,K613,Xinguard Ltd.,衛信科技股份有限公司,Xinguard,衛信科技,TWD,TW,,2,False,True, ,104台北市中山區南京東路二段38號10樓,0930-857720,53565110,華南商業銀行,公館分行,118100122705,衛信科技股份有限公司
137,K606,Sound Music,新韻傳音有限公司,Sound Music,新韻傳音,TWD,TW,,2,False,True, ,236新北市土城區金城路二段259號2樓,02-22616391,80042925,玉山銀行,土城分行,266940008186,新韻傳音有限公司
11,K488,NextDrive Inc.,聯齊科技股份有限公司,NextDrive,聯齊科技,TWD,TW,"楊貽叡 Peter Yang 
Cell Phone:0975-229-159
11563台北市南港區南港路三段47巷8號8樓   
電話：(02)2788-6060#911
Email: peter.yang@nextdrive.io     Web: www.nextdrive.io",2,False,True, ,11563台北市南港區南港路三段47巷8號8樓,(02)2788-6060,54310122,永豐商業銀行   ,內湖分行,134-018-0001199-3,聯齊科技股份有限公司
29,K504,"TAIWANG TECHNOLOGY CO., LTD.",泰旺開發科技股份有限公司,TAIWANG,泰旺,TWD,TW,"Ann Cheng Product Specialist of Sales Department
ann.cheng@taidoc.com / ann.cheng@taidoc.com.tw
886-2-6625-8188 #2123
傾向使用 commingled 因為工廠不幫貼條碼（非 SOP 一部分）

Carol 886-2-6625-8188 ext.2122 ",2,False,True, ,新北市新莊區五工三路62巷28號4樓,886-2-6625-8188 #2123,53208660,玉山銀行,二重分行,945940011775,泰旺開發科技股份有限公司
127,K596,COLOR HOUSE TECHNICAL CORPORATION,彩家科技有限公司,COLOR HOUSE,彩家科技,TWD,TW,2-1號為登記地址，寄條碼要寄到407臺中市西屯區龍潭里環中路三段770巷9-9號,2,False,True, ,407臺中市西屯區龍潭里環中路三段770巷2之1號,04-22521792,54882748,兆豐銀行,台中分行,409119185,彩家科技有限公司
130,K599,FITZ Inc.,銓勝科技股份有限公司,FITZ,銓勝科技,TWD,TW,,2,False,True, ,新竹縣竹北市隘口里高鐵七路65號13樓之9,03-6589808,24853886,中國信託商業銀行,竹科分行,875540444788,銓勝科技股份有限公司
131,K600,"EVEREST TEXTILE CO., LTD.",宏遠興業股份有限公司,EVEREST,宏遠,TWD,TW,郭先生: 0919849836,2,False,True, , 台南市山上區明和里256號, 06-578-2561,22817999,遠東國際商業銀行,台南分行,006-031-00000699,宏遠興業股份有限公司
156,K614,ATENBO,松聖企業有限公司,ATENBO,松聖,TWD,TW,,2,False,True, ,32063桃園市中壢區東園路22號2樓,03-4555939 #214,45074717   ,玉山銀行,玉山銀行,0185-940-024978,松聖企業有限公司
67,K533,"MERRY HEALTHCARE CO., LTD. TAIWAN BRANCH",英屬開曼群島商美律生醫股份有限公司台灣分公司,MERRY HEALTHCARE,美律生醫,TWD,TW,"美律生醫業務部
Jill Chen
jill.chen@merry.com.tw
(02)8913-1329 ext. 126621

Jones Huang 黃繼宥
jones.huang@merry.com.tw
(02)8913-1329 #128113""

會計帳務相關 (請填寫主辦會計資料)
Peggy Wu
peggy.wu@merry.com.tw
(02)89131329 ext.6627",2,False,True, ,23143新北市新店區北新路三段205-1號6樓,02-89131329,54398203,兆豐國際商業銀行,台中分行,004-09-11726-7,英屬開曼群島商美律生醫股份有限公司台灣分公司
169,K615,"ULTRACKER Technology CO., LTD",艾創科技股份有限公司,ULTRACKER,艾創科技,TWD,TW,,2,False,True, ,桃園市桃園區經國路888號14F-1,(03) 3589997#1103,12816943,中國信託,桃園分行,277541016975,艾創科技股份有限公司
129,K598,"SPEED TIGER PRECISION TECHNOLOGY CO., LTD.",震虎精密科技股份有限公司,SPEED TIGER,震虎精密,TWD,TW,國外營業課 Pei 許佩瑜 小姐 為主要聯繫窗口,2,False,True, ,臺中市南屯區文山里精科二路10號,04-23503022 #301,16652055,兆豐國際商業銀行,北台中分行,037-09-03279-5,震虎精密科技股份有限公司
33,K508,"Tong Teng Electric Co., Ltd.",東頂電化製品股份有限公司,Tong Teng,東頂電化,TWD,TW,"Annie Hsieh 謝妮真(業務副理) anniehsieh@livionproducts.com
TEL : 886-2-2796-2500
FAX: 886-2-2796-2502
許雅蘭(業務經理) sandyhsu@livionproducts.com
許錦豐(總經理) samuelhsu@livionproducts.com",2,False,True, ,11494 台北市內湖區行愛路78巷28號2樓之2,886-2-2796-2500,04749957,華南商業銀行,樟樹灣分行,192-10-001647-1,東頂電化製品股份有限公司
13,K101,Kindminds Internal Supplier,台灣善恩內部供應商,KMI Internal Supplier,善恩供應商,TWD,TW,,2,False,True, ,台北市士林區德行西路45號6樓,0228378995,80698253,臺灣銀行(004),士林分行 ,0700-0103-0371,善恩創新股份有限公司
